epoch,accuracy,auc,loss,precision,recall,val_accuracy,val_auc,val_loss,val_precision,val_recall
0,0.9907466769218445,0.6539504528045654,0.04449290782213211,0.01368267834186554,0.012987012974917889,0.9937617182731628,0.5523136258125305,0.0535895936191082,0.0,0.0
1,0.9955900311470032,0.8948885798454285,0.018136681988835335,0.6424528360366821,0.18817353248596191,0.9961069226264954,0.8625422120094299,0.024513235315680504,0.8787878751754761,0.43609023094177246
2,0.9967932105064392,0.9158787131309509,0.01405999157577753,0.7916868329048157,0.45261120796203613,0.9962945580482483,0.9482117891311646,0.014969812706112862,0.7596153616905212,0.5939849615097046
3,0.9972359538078308,0.9254436492919922,0.0121016139164567,0.8279386758804321,0.5371649861335754,0.9958255290985107,0.9601977467536926,0.014466065913438797,0.6506849527359009,0.7142857313156128
4,0.9974992275238037,0.931266725063324,0.011031854897737503,0.8470447063446045,0.5860735177993774,0.9953565001487732,0.9828847646713257,0.01223773043602705,0.5965909361839294,0.7894737124443054
5,0.9975696802139282,0.9447309374809265,0.00991746224462986,0.8305647969245911,0.62171870470047,0.9977955222129822,0.9956197142601013,0.0059259189292788506,0.8071428537368774,0.8496240377426147
6,0.9977730512619019,0.9489994645118713,0.009119671769440174,0.8503965139389038,0.6518375277519226,0.9976547956466675,0.9957268834114075,0.005770525429397821,0.7943262457847595,0.8421052694320679
7,0.9978142976760864,0.9520096778869629,0.008667093701660633,0.8451590538024902,0.6681403517723083,0.9978892803192139,0.9957976937294006,0.005275931674987078,0.8235294222831726,0.8421052694320679
8,0.9979631900787354,0.9525947570800781,0.00829840824007988,0.8634622097015381,0.6849958300590515,0.9982645511627197,0.9959370493888855,0.004422593861818314,0.8428571224212646,0.8872180581092834
9,0.9980243444442749,0.9534892439842224,0.007974166423082352,0.8653648495674133,0.6979828476905823,0.9984052777290344,0.9959368109703064,0.0045037539675831795,0.8510638475418091,0.902255654335022
10,0.9981067776679993,0.9561259150505066,0.007615762762725353,0.8701517581939697,0.7129040956497192,0.9981707334518433,0.995944619178772,0.004861145280301571,0.8012820482254028,0.9398496150970459
11,0.9981027841567993,0.9566695094108582,0.007537445053458214,0.862194299697876,0.7209174036979675,0.9976078867912292,0.9958948493003845,0.005501743406057358,0.7329545617103577,0.969924807548523
12,0.9982025027275085,0.9567782878875732,0.007293404545634985,0.860642671585083,0.7474440336227417,0.9989681243896484,0.996147096157074,0.0025453416164964437,0.8775510191917419,0.969924807548523
13,0.9984032511711121,0.9613835215568542,0.006685459520667791,0.8752327561378479,0.7792207598686218,0.9989681243896484,0.9961628913879395,0.002656001830473542,0.8724831938743591,0.9774436354637146
14,0.9984484910964966,0.9600716233253479,0.006554835010319948,0.8633669018745422,0.8049184679985046,0.9990150332450867,0.9961457848548889,0.0025386654306203127,0.8835616707801819,0.969924807548523
15,0.9986039996147156,0.9613032341003418,0.006249839439988136,0.8799172043800354,0.8220502734184265,0.9989681243896484,0.9962072968482971,0.00230811582878232,0.8675496578216553,0.9849624037742615
16,0.9986585378646851,0.9622635841369629,0.006078839302062988,0.8786999583244324,0.8366951942443848,0.9992495179176331,0.999976396560669,0.0013258066028356552,0.9090909361839294,0.9774436354637146
17,0.9986864328384399,0.9653139710426331,0.005913347937166691,0.8854380249977112,0.8350372910499573,0.9997654557228088,0.9999826550483704,0.0008621971937827766,0.9776119589805603,0.9849624037742615
18,0.9987462759017944,0.9644538760185242,0.005676326807588339,0.8889535069465637,0.8449848294258118,0.9997654557228088,0.9999890327453613,0.0007899629417806864,0.9776119589805603,0.9849624037742615
19,0.9987888336181641,0.9662575721740723,0.005572016350924969,0.89020174741745,0.8535507321357727,0.9997185468673706,0.9999852776527405,0.0008383495733141899,0.9635036587715149,0.9924812316894531
20,0.9987741708755493,0.9666580557823181,0.005583832040429115,0.8858368992805481,0.8554849624633789,0.9995778799057007,0.9999870657920837,0.0008386280969716609,0.9558823704719543,0.9774436354637146
21,0.9988313913345337,0.969176173210144,0.0053506530821323395,0.8900911211967468,0.8637745380401611,0.9997654557228088,0.9999913573265076,0.000683294259943068,0.9776119589805603,0.9849624037742615
22,0.9988194108009338,0.9698125123977661,0.005359266418963671,0.8931758999824524,0.8571428656578064,0.9997185468673706,0.999993085861206,0.0007355865091085434,0.970370352268219,0.9849624037742615
23,0.9988818764686584,0.9694796204566956,0.005129336845129728,0.8982225060462952,0.8657087683677673,0.9997185468673706,0.9999939799308777,0.0006289629964157939,0.970370352268219,0.9849624037742615
24,0.9987449645996094,0.97196364402771,0.005416516214609146,0.8824706673622131,0.8527217507362366,0.9993433356285095,0.9999876022338867,0.0013524527894333005,0.9103448390960693,0.9924812316894531
25,0.9988752603530884,0.9716120958328247,0.005078716203570366,0.894676923751831,0.8684719800949097,0.9997654557228088,0.9999977946281433,0.0005574958049692214,0.970588207244873,0.9924812316894531
26,0.9988486766815186,0.9726799130439758,0.005076284985989332,0.8909400701522827,0.8668140172958374,0.9996716976165771,0.9999952912330627,0.0007600311073474586,0.95652174949646,0.9924812316894531
27,0.998943030834198,0.9728882312774658,0.0049394406378269196,0.9036592245101929,0.8734456896781921,0.9997654557228088,0.9962349534034729,0.0008281418704427779,0.970588207244873,0.9924812316894531
28,0.998928427696228,0.9730067253112793,0.004917725455015898,0.8974286317825317,0.8775904774665833,0.9998123645782471,0.9999982118606567,0.0005307678366079926,0.9777777791023254,0.9924812316894531
29,0.9989031553268433,0.9740883111953735,0.0048962803557515144,0.8998282551765442,0.8687482476234436,0.9996247887611389,0.9999926090240479,0.0006867909105494618,0.9496402740478516,0.9924812316894531
30,0.998939037322998,0.9725887179374695,0.004939625971019268,0.9056658148765564,0.8701298832893372,0.9997654557228088,0.9999983310699463,0.000547520350664854,0.9637681245803833,1.0
31,0.9990068674087524,0.9744331240653992,0.004679177422076464,0.905879020690918,0.8856037855148315,0.9997654557228088,0.9999806880950928,0.0008619000436738133,0.9776119589805603,0.9849624037742615
32,0.9988765716552734,0.974755048751831,0.004967640619724989,0.8920294046401978,0.8720641136169434,0.9997654557228088,0.9999948740005493,0.0005452123587019742,0.970588207244873,0.9924812316894531
33,0.998947024345398,0.9766867756843567,0.004698756150901318,0.9019050598144531,0.8764852285385132,0.9996716976165771,0.9999983906745911,0.0007779347943142056,0.949999988079071,1.0
34,0.9989829063415527,0.9777801036834717,0.004618917126208544,0.9035633206367493,0.8828405737876892,0.9998123645782471,0.9999986290931702,0.00040982302743941545,0.9777777791023254,0.9924812316894531
35,0.9990307688713074,0.9780722260475159,0.004501798655837774,0.9102782607078552,0.8858800530433655,0.9999061822891235,0.9999991655349731,0.00035259974538348615,0.9924812316894531,0.9924812316894531
36,0.9989975690841675,0.9757968187332153,0.00457069743424654,0.9054628014564514,0.8839458227157593,0.9995778799057007,0.9999929666519165,0.0008502342971041799,0.9428571462631226,0.9924812316894531
37,0.9989709854125977,0.9766114354133606,0.004639423452317715,0.9003658890724182,0.8839458227157593,0.9996247887611389,0.9999932646751404,0.0007928002742119133,0.9496402740478516,0.9924812316894531
38,0.9989417195320129,0.9775500893592834,0.004675824195146561,0.895932674407959,0.8825642466545105,0.9997654557228088,0.9999799728393555,0.0008271298138424754,0.970588207244873,0.9924812316894531
39,0.9989935755729675,0.9780586957931519,0.004534445237368345,0.90264493227005,0.8864327073097229,0.9997654557228088,0.9999974966049194,0.0005116777610965073,0.970588207244873,0.9924812316894531
40,0.9990494251251221,0.9792848825454712,0.004348560702055693,0.9071789383888245,0.8938933610916138,0.999437153339386,0.9999773502349854,0.0014193515526130795,0.9290780425071716,0.9849624037742615
41,0.9990267753601074,0.9780923128128052,0.00445726839825511,0.9081141948699951,0.8875380158424377,0.9998123645782471,0.9999957084655762,0.0006327542942017317,0.9777777791023254,0.9924812316894531
42,0.9990480542182922,0.9765002131462097,0.004500319249927998,0.9089884757995605,0.8914064764976501,0.9997185468673706,0.9999940991401672,0.0008201897726394236,0.9635036587715149,0.9924812316894531
43,0.9990081787109375,0.9791656136512756,0.004425300285220146,0.9043062329292297,0.8878143429756165,0.999437153339386,0.999982476234436,0.0011918040690943599,0.9230769276618958,0.9924812316894531
44,0.9990401268005371,0.979913055896759,0.004278955049812794,0.9058559536933899,0.8933407068252563,0.9999061822891235,0.9999979138374329,0.0004543730174191296,0.9924812316894531,0.9924812316894531
45,0.9990427494049072,0.980292022228241,0.004301044158637524,0.9063639044761658,0.8933407068252563,0.9998123645782471,0.9999992847442627,0.0004436467424966395,0.970802903175354,1.0
46,0.9991132020950317,0.9808681607246399,0.004107641521841288,0.9167137145996094,0.8972091674804688,0.9999061822891235,0.9999989867210388,0.00031446589855477214,0.9924812316894531,0.9924812316894531
47,0.9990201592445374,0.9801298975944519,0.0043817986734211445,0.904321014881134,0.890577495098114,0.9997185468673706,0.9999982118606567,0.0006126206717453897,0.9635036587715149,0.9924812316894531
48,0.9990600347518921,0.9798638224601746,0.004269377328455448,0.9099099040031433,0.8930643796920776,0.9997654557228088,0.9999873042106628,0.0007508351118303835,0.9848484992980957,0.9774436354637146
49,0.9990440607070923,0.979893684387207,0.0043077608570456505,0.9098360538482666,0.889472246170044,0.9999061822891235,0.9999992847442627,0.00032905148691497743,0.9924812316894531,0.9924812316894531
50,0.9990720152854919,0.9812968373298645,0.0042157345451414585,0.9089890718460083,0.89693284034729,0.9998592734336853,0.9999911785125732,0.0005879118689335883,0.9779411554336548,1.0
51,0.999077320098877,0.9805201292037964,0.0041249035857617855,0.9093198776245117,0.8977618217468262,0.9999061822891235,0.9999996423721313,0.0003493996919132769,0.9851852059364319,1.0
52,0.9990707039833069,0.9811969995498657,0.004101774655282497,0.9103428721427917,0.8949986100196838,0.9999061822891235,0.9999993443489075,0.0004004869842901826,0.9924812316894531,0.9924812316894531
53,0.9990667104721069,0.982511043548584,0.004139071796089411,0.9098061323165894,0.8947222828865051,0.9999530911445618,0.9999994039535522,0.0003570083936210722,1.0,0.9924812316894531
54,0.9990853071212769,0.9837650060653687,0.004044906236231327,0.9124683141708374,0.89582759141922,0.9999061822891235,0.9999997019767761,0.00034088859683834016,0.9851852059364319,1.0
55,0.9990600347518921,0.9819073677062988,0.0042288824915885925,0.9067038893699646,0.89693284034729,0.9998123645782471,0.9999998211860657,0.00045894517097622156,0.970802903175354,1.0
56,0.9990813136100769,0.9828179478645325,0.004117982927709818,0.9105440378189087,0.8972091674804688,0.9997654557228088,0.9999918341636658,0.0006654445896856487,0.970588207244873,0.9924812316894531
57,0.9990932941436768,0.9831314086914062,0.004062794614583254,0.9144792556762695,0.8952749371528625,0.9997654557228088,0.9999975562095642,0.0004738359129987657,0.970588207244873,0.9924812316894531
58,0.9990653395652771,0.9822113513946533,0.004173737019300461,0.9113995432853699,0.8925117254257202,0.9997654557228088,0.9999985098838806,0.0006476814742200077,0.9637681245803833,1.0
59,0.9990879893302917,0.982823371887207,0.004047267604619265,0.9125176072120667,0.8963801860809326,0.9999530911445618,0.9999996423721313,0.00038326121284626424,1.0,0.9924812316894531
60,0.9991171956062317,0.9837127327919006,0.003906536381691694,0.9170194864273071,0.8977618217468262,0.9998123645782471,0.9999942779541016,0.0005924066645093262,0.970802903175354,1.0
61,0.9991012811660767,0.9827073216438293,0.0039520831778645515,0.9136913418769836,0.8980381488800049,0.9997654557228088,0.9999886751174927,0.0006805537268519402,0.9776119589805603,0.9849624037742615
62,0.9990467429161072,0.9832761287689209,0.004043255932629108,0.9064425826072693,0.8941696882247925,0.9998592734336853,0.9999992847442627,0.0004062397638335824,0.9850746393203735,0.9924812316894531
63,0.9990839958190918,0.982302725315094,0.004066661465913057,0.9112858176231384,0.89693284034729,0.9999061822891235,0.9999993443489075,0.00034534194855950773,0.9924812316894531,0.9924812316894531
64,0.9991397857666016,0.9834606647491455,0.0038551101461052895,0.9178852438926697,0.9019066095352173,0.9999530911445618,0.9999997019767761,0.00027632457204163074,0.9925373196601868,1.0
65,0.9991025924682617,0.9831438660621643,0.003988157957792282,0.9148816466331482,0.89693284034729,0.9999530911445618,1.0,0.0002651121176313609,0.9925373196601868,1.0
66,0.9991358518600464,0.9816517233848572,0.003925601951777935,0.9180512428283691,0.9008013010025024,0.9999530911445618,1.0,0.0002971930953208357,0.9925373196601868,1.0
67,0.9991211891174316,0.9843779802322388,0.003959600813686848,0.9138220548629761,0.9024592638015747,0.9998592734336853,0.999993622303009,0.0005296479794196784,0.9924242496490479,0.9849624037742615
68,0.999053418636322,0.982975423336029,0.004097548313438892,0.9093213081359863,0.8922353982925415,0.9997185468673706,0.9999845623970032,0.0009915155824273825,0.9568345546722412,1.0
69,0.9991171956062317,0.9838137030601501,0.003927888348698616,0.915144681930542,0.8999723792076111,0.9999530911445618,0.9999999403953552,0.00026881671510636806,0.9925373196601868,1.0
70,0.9991371631622314,0.9841422438621521,0.003828161396086216,0.9173693060874939,0.9019066095352173,0.9999530911445618,1.0,0.00027516568661667407,0.9925373196601868,1.0
71,0.9991491436958313,0.9822916984558105,0.0038700520526617765,0.9196956753730774,0.9019066095352173,0.9999530911445618,0.9999997019767761,0.0002575128455646336,0.9925373196601868,1.0
72,0.9991025924682617,0.984734058380127,0.003934485837817192,0.9169971942901611,0.8944459557533264,0.9999530911445618,1.0000001192092896,0.0002875078353099525,0.9925373196601868,1.0
73,0.9991092085838318,0.9845350980758667,0.0038969600573182106,0.9157034158706665,0.8974854946136475,0.9999530911445618,0.9999895095825195,0.0005277489544823766,0.9925373196601868,1.0
74,0.9991677403450012,0.9834677577018738,0.0037822567392140627,0.9214305877685547,0.9041171669960022,0.9999530911445618,1.0,0.00028974993620067835,1.0,0.9924812316894531
75,0.9991557598114014,0.9855886101722717,0.0037016477435827255,0.9181614518165588,0.9052224159240723,0.9999061822891235,0.9962351322174072,0.0005444823182187974,0.9924812316894531,0.9924812316894531
76,0.9991464614868164,0.9850835800170898,0.00385002582333982,0.9201241731643677,0.9008013010025024,0.9999061822891235,0.9999989867210388,0.0003719564701896161,0.9851852059364319,1.0
77,0.9991517663002014,0.9845715165138245,0.0038578854873776436,0.9195046424865723,0.9027355909347534,0.9999530911445618,0.9999997615814209,0.0002839821681845933,0.9925373196601868,1.0
78,0.9991238713264465,0.9849344491958618,0.0038924464024603367,0.915730357170105,0.9008013010025024,0.9998123645782471,0.9999843835830688,0.0007140327943488955,0.970802903175354,1.0
79,0.9991411566734314,0.9842897653579712,0.003787209978327155,0.9167367815971375,0.9035645127296448,0.9999530911445618,1.0,0.0002829186269082129,0.9925373196601868,1.0
80,0.9991211891174316,0.9848505258560181,0.0038646336179226637,0.9159167408943176,0.8999723792076111,0.9985459446907043,0.999809205532074,0.004772395361214876,0.8109756112098694,1.0
81,0.9991158843040466,0.9860755205154419,0.0038245636969804764,0.9105058312416077,0.9052224159240723,0.9999530911445618,1.0,0.0002858644293155521,0.9925373196601868,1.0
82,0.9991358518600464,0.985403835773468,0.0038082152605056763,0.9166432619094849,0.9024592638015747,0.9999061822891235,1.0,0.00036884276778437197,0.9851852059364319,1.0
83,0.9991903305053711,0.9857213497161865,0.0036508063785731792,0.9225154519081116,0.9079856276512146,0.9999530911445618,1.0,0.00030243603396229446,0.9925373196601868,1.0
84,0.9991517663002014,0.9848864078521729,0.003749667666852474,0.9197409152984619,0.9024592638015747,0.9999530911445618,1.0,0.0002899170503951609,0.9925373196601868,1.0
85,0.999189019203186,0.9865444302558899,0.0036289896816015244,0.9234449863433838,0.9066040515899658,0.9999530911445618,1.0,0.0002405241539236158,0.9925373196601868,1.0
86,0.9991451501846313,0.983771026134491,0.0037846402265131474,0.9163402318954468,0.9049460887908936,0.9999530911445618,0.9999997019767761,0.0002685615327209234,1.0,0.9924812316894531
87,0.9991504549980164,0.9847398400306702,0.0037531426642090082,0.91806960105896,0.9041171669960022,1.0,1.0,0.00031188249704428017,1.0,1.0
88,0.9991650581359863,0.984747052192688,0.0037294733338057995,0.9192599058151245,0.9060513973236084,0.9999530911445618,1.0,0.0003031705564353615,1.0,0.9924812316894531
89,0.9991544485092163,0.9855538010597229,0.0037060093600302935,0.9193140268325806,0.9035645127296448,1.0,1.0,0.00025168026331812143,1.0,1.0
90,0.999198317527771,0.9864433407783508,0.003549850545823574,0.9247887134552002,0.9071566462516785,0.9999530911445618,1.0,0.00025969487614929676,0.9925373196601868,1.0
91,0.9991916418075562,0.9872480034828186,0.003605626756325364,0.9211188554763794,0.9099198579788208,0.9999530911445618,1.0,0.0003088870726060122,1.0,0.9924812316894531
92,0.9991544485092163,0.984177827835083,0.0037681101821362972,0.9212086796760559,0.9013539552688599,0.9999530911445618,0.9999989867210388,0.0004055027093272656,0.9925373196601868,1.0
93,0.9991584420204163,0.9854480624198914,0.003728976473212242,0.9182072877883911,0.9057750701904297,0.9999530911445618,1.0,0.0003432977828197181,1.0,0.9924812316894531
94,0.9991703629493713,0.9868353009223938,0.0036012637428939342,0.9207642674446106,0.905498743057251,1.0,1.0,0.000229548619245179,1.0,1.0
95,0.9991650581359863,0.9866912364959717,0.0036417124792933464,0.9187902808189392,0.9066040515899658,0.9999530911445618,1.0,0.0002886421571020037,0.9925373196601868,1.0
96,0.9991730451583862,0.9867080450057983,0.0035995482467114925,0.9193954467773438,0.9077093005180359,1.0,0.9999999403953552,0.0002011859614867717,1.0,1.0
97,0.9992116093635559,0.9856408834457397,0.0035968669690191746,0.9271597862243652,0.9074329733848572,0.9999530911445618,1.0,0.0002403321414021775,0.9925373196601868,1.0
98,0.9991743564605713,0.9856963753700256,0.003667121985927224,0.9191834330558777,0.9082619547843933,0.9999530911445618,0.9999971985816956,0.00034343352308496833,0.9925373196601868,1.0
99,0.9991570711135864,0.9859933257102966,0.0036784408148378134,0.920067548751831,0.9032881855964661,1.0,1.0,0.0002039899118244648,1.0,1.0
100,0.9991504549980164,0.9870972037315369,0.0036867421586066484,0.9192458987236023,0.9027355909347534,1.0,1.0,0.0001951843878487125,1.0,1.0
101,0.9991690516471863,0.9866583943367004,0.0035960746463388205,0.9205056428909302,0.905498743057251,1.0,1.0,0.00024760508676990867,1.0,1.0
102,0.999202311038971,0.9872393608093262,0.0035503203980624676,0.9217658638954163,0.9115777611732483,1.0,1.0,0.0002586724003776908,1.0,1.0
103,0.9991677403450012,0.9859674572944641,0.0036568553186953068,0.917900025844574,0.9082619547843933,0.9999530911445618,1.0,0.00024968263460323215,0.9925373196601868,1.0
104,0.9991610646247864,0.9866661429405212,0.003672234946861863,0.9173184633255005,0.9074329733848572,1.0,1.0,0.00026289874222129583,1.0,1.0
105,0.9991504549980164,0.9859626889228821,0.0037059583701193333,0.9190101027488708,0.9030118584632874,0.9999530911445618,1.0,0.00017376056348439306,0.9925373196601868,1.0
106,0.9991677403450012,0.9868382215499878,0.0036393620539456606,0.9162725806236267,0.9101961851119995,0.9999530911445618,1.0,0.0002844772825483233,0.9925373196601868,1.0
107,0.9991570711135864,0.9858704209327698,0.003691313322633505,0.9181843400001526,0.905498743057251,0.9999530911445618,1.0,0.00024601034238003194,0.9925373196601868,1.0
108,0.9991624355316162,0.9867251515388489,0.0036051098722964525,0.916179358959198,0.9090909361839294,1.0,1.0,0.00020933730411343277,1.0,1.0
109,0.9991584420204163,0.98450767993927,0.003708414500579238,0.9193820357322693,0.9043934941291809,1.0,1.0,0.0002481729898136109,1.0,1.0
110,0.9991797208786011,0.9867177605628967,0.003501482540741563,0.9197427034378052,0.9088146090507507,1.0,1.0,0.00023030627926345915,1.0,1.0
111,0.9991703629493713,0.9861865639686584,0.003615140449255705,0.9202919006347656,0.9060513973236084,0.9999530911445618,1.0,0.00030570727540180087,0.9925373196601868,1.0
112,0.9991544485092163,0.9853358268737793,0.0036365105770528316,0.9186078906059265,0.9043934941291809,1.0,1.0,0.00021967290376778692,1.0,1.0
113,0.9991690516471863,0.9867935180664062,0.0036220287438482046,0.9207419753074646,0.9052224159240723,1.0,1.0,0.0001860393094830215,1.0,1.0
114,0.9992381930351257,0.9861255288124084,0.003533374285325408,0.9261331558227539,0.9146173000335693,1.0,1.0,0.00020362234499771148,1.0,1.0
115,0.9991823434829712,0.986175537109375,0.0035916450433433056,0.919787585735321,0.9093672037124634,1.0,1.0,0.00027739329379983246,1.0,1.0
116,0.9991610646247864,0.9858365058898926,0.0036938912235200405,0.9191918969154358,0.9052224159240723,1.0,1.0,0.00020337609748821706,1.0,1.0
117,0.9991916418075562,0.9871329665184021,0.003602094715461135,0.9213545918464661,0.9096435308456421,1.0,1.0,0.0002011456381296739,1.0,1.0
118,0.9992009401321411,0.9858903884887695,0.0035802770871669054,0.9234007000923157,0.9093672037124634,1.0,1.0,0.00026142800925299525,1.0,1.0
119,0.999218225479126,0.9860563278198242,0.003475322388112545,0.9253438115119934,0.9110251665115356,1.0,1.0,0.00022842618636786938,1.0,1.0
120,0.999194324016571,0.9871176481246948,0.00352844363078475,0.9209276437759399,0.9107488393783569,1.0,1.0,0.00023741042241454124,1.0,1.0
121,0.9992195963859558,0.9865649342536926,0.003501865779981017,0.9239373803138733,0.9129593968391418,1.0,1.0,0.00021098708384670317,1.0,1.0
122,0.999198317527771,0.986449122428894,0.003527027787640691,0.9214645028114319,0.9110251665115356,1.0,1.0,0.0002485057048033923,1.0,1.0
123,0.9991797208786011,0.9859007596969604,0.0035526796709746122,0.9188057780265808,0.9099198579788208,1.0,1.0,0.00021455081878229976,1.0,1.0
124,0.9991770386695862,0.9865755438804626,0.003570529166609049,0.917827308177948,0.9104725122451782,0.9999530911445618,0.999994695186615,0.00036234944127500057,0.9925373196601868,1.0
125,0.9992156028747559,0.9874199628829956,0.0034829687792807817,0.9222190976142883,0.9140646457672119,0.9999530911445618,1.0,0.00027359987143427134,0.9925373196601868,1.0
126,0.999189019203186,0.9880901575088501,0.0034890088718384504,0.9224936962127686,0.9077093005180359,1.0,1.0,0.00021745465346612036,1.0,1.0
127,0.9991970062255859,0.9876811504364014,0.0034762280993163586,0.921207070350647,0.9110251665115356,1.0,1.0,0.00019442400662228465,1.0,1.0
128,0.9992169141769409,0.9882792830467224,0.0034151270519942045,0.9258010387420654,0.9101961851119995,0.9999061822891235,0.9999993443489075,0.00034237734507769346,0.9851852059364319,1.0
129,0.9991863369941711,0.9877884984016418,0.0035394157748669386,0.9215026497840881,0.9082619547843933,1.0,1.0,0.00020984176080673933,1.0,1.0
130,0.9991916418075562,0.9870132207870483,0.0035108288284391165,0.9197100400924683,0.9115777611732483,1.0,1.0,0.0001834677968872711,1.0,1.0
131,0.9992195963859558,0.9861730933189392,0.003525386331602931,0.9251261949539185,0.9115777611732483,1.0,1.0,0.00025349677889607847,1.0,1.0
132,0.999199628829956,0.9876546859741211,0.003541430225595832,0.9236169457435608,0.9088146090507507,1.0,1.0,0.0002476461522746831,1.0,1.0
133,0.999218225479126,0.9878218770027161,0.003423150163143873,0.9232057929039001,0.9135119915008545,1.0,1.0,0.00021021078282501549,1.0,1.0
134,0.9992262125015259,0.9876937866210938,0.0034236463252454996,0.9233342409133911,0.9151699542999268,1.0,1.0,0.0002254419232485816,1.0,1.0
135,0.9991743564605713,0.9875082969665527,0.0035318678710609674,0.9201233386993408,0.9071566462516785,1.0,1.0,0.00019590131705626845,1.0,1.0
136,0.999198317527771,0.988237738609314,0.003472511423751712,0.9200556874275208,0.9126830697059631,1.0,1.0,0.00019572906603571028,1.0,1.0
137,0.9992249011993408,0.9887816905975342,0.0033899531699717045,0.9259259104728699,0.911854088306427,1.0,1.0,0.0001855211448855698,1.0,1.0
138,0.9992169141769409,0.9875572919845581,0.003457945305854082,0.920599639415741,0.9162752032279968,1.0,1.0,0.0002470104955136776,1.0,1.0
139,0.999202311038971,0.9867452383041382,0.0034506835509091616,0.9234221577644348,0.9096435308456421,0.9999530911445618,1.0,0.00027502077864483,1.0,0.9924812316894531
140,0.999207615852356,0.9879536628723145,0.003485320368781686,0.9230338931083679,0.9113014936447144,1.0,1.0,0.00023790757404640317,1.0,1.0
141,0.999203622341156,0.9879499077796936,0.0034773037768900394,0.922259509563446,0.9113014936447144,1.0,1.0,0.00018238613847643137,1.0,1.0
142,0.9992102980613708,0.9871456027030945,0.0034537483006715775,0.9221323132514954,0.9129593968391418,0.9999530911445618,1.0,0.0002824384137056768,0.9925373196601868,1.0
143,0.9992049336433411,0.9877028465270996,0.0034842095337808132,0.917611300945282,0.917104184627533,1.0,1.0,0.0002507857570890337,1.0,1.0
144,0.9991797208786011,0.9867578744888306,0.0035289230290800333,0.9188057780265808,0.9099198579788208,1.0,1.0,0.00022995145991444588,1.0,1.0
145,0.9991863369941711,0.9878281354904175,0.0034833247773349285,0.9193863272666931,0.9107488393783569,1.0,1.0,0.0002554898092057556,1.0,1.0
146,0.9992102980613708,0.9874510169029236,0.003441491164267063,0.9233137369155884,0.9115777611732483,1.0,1.0,0.00020677229622378945,1.0,1.0
147,0.999203622341156,0.9879814386367798,0.0034462902694940567,0.9217877388000488,0.911854088306427,1.0,1.0,0.000234166145673953,1.0,1.0
148,0.9992222189903259,0.9877305626869202,0.0033559042494744062,0.9232701063156128,0.9143409729003906,1.0,1.0,0.00022141910449136049,1.0,1.0
149,0.9992474913597107,0.9887155294418335,0.00333491456694901,0.9267542362213135,0.9159988760948181,1.0,1.0,0.00019692358910106122,1.0,1.0
150,0.9992169141769409,0.9872780442237854,0.003444549860432744,0.923184335231781,0.9132357239723206,1.0,1.0,0.0001829603424994275,1.0,1.0
151,0.9992009401321411,0.987568199634552,0.0034549192059785128,0.9210379719734192,0.9121304154396057,1.0,1.0,0.00019309206982143223,1.0,1.0
152,0.9992169141769409,0.9881060719490051,0.0034127363469451666,0.9241321682929993,0.9121304154396057,0.9999061822891235,0.9999979138374329,0.00039228209061548114,0.9851852059364319,1.0
153,0.9992275834083557,0.9882693886756897,0.0033920006826519966,0.9221789836883545,0.9168278574943542,1.0,1.0,0.00019017922750208527,1.0,1.0
154,0.9992474913597107,0.9882938265800476,0.0033271918073296547,0.9267542362213135,0.9159988760948181,1.0,1.0,0.000248877884587273,1.0,1.0
155,0.9992355108261108,0.988286554813385,0.003353409469127655,0.9223085641860962,0.9184857606887817,1.0,1.0,0.00019620706734713167,1.0,1.0
156,0.9992527961730957,0.988827109336853,0.0032945938874036074,0.9275524616241455,0.9162752032279968,0.9999061822891235,0.9999924302101135,0.0004716831026598811,0.9851852059364319,1.0
157,0.9992328882217407,0.987836480140686,0.0034173058811575174,0.9232053160667419,0.9168278574943542,1.0,1.0,0.0002047330344794318,1.0,1.0
158,0.9992116093635559,0.9885313510894775,0.0034168821293860674,0.9198113083839417,0.9159988760948181,1.0,1.0,0.000226955147809349,1.0,1.0
159,0.9992315173149109,0.987593948841095,0.0033418708480894566,0.9238918423652649,0.9157225489616394,0.9999530911445618,1.0,0.0002863252302631736,1.0,0.9924812316894531
160,0.9992169141769409,0.9888035655021667,0.003417709842324257,0.9238948225975037,0.9124067425727844,1.0,1.0,0.00031121904612518847,1.0,1.0
161,0.9992288947105408,0.9879623651504517,0.003400805639103055,0.9224353432655334,0.9168278574943542,1.0,1.0,0.0002715160953812301,1.0,1.0
162,0.999199628829956,0.9879773855209351,0.003437845967710018,0.922667384147644,0.9099198579788208,1.0,1.0,0.0002528450859244913,1.0,1.0
163,0.9992063045501709,0.9871654510498047,0.0035133000928908587,0.9204229116439819,0.9140646457672119,1.0,1.0,0.000258518906775862,1.0,1.0
164,0.999207615852356,0.9882458448410034,0.0033925569150596857,0.921617865562439,0.9129593968391418,1.0,1.0,0.00023388330009765923,1.0,1.0
165,0.9992288947105408,0.9883696436882019,0.0033766531851142645,0.9233769774436951,0.9157225489616394,1.0,1.0,0.0002957784163299948,1.0,1.0
166,0.9992315173149109,0.9886990785598755,0.0033278975170105696,0.9243650436401367,0.9151699542999268,1.0,0.9999999403953552,0.00024191837292164564,1.0,1.0
167,0.9992368817329407,0.9889678359031677,0.003354691667482257,0.9242128729820251,0.9165515303611755,1.0,1.0,0.00022375566186383367,1.0,1.0
168,0.9992501735687256,0.9873217344284058,0.0033419558312743902,0.9279910326004028,0.9151699542999268,1.0,1.0,0.00020284044148866087,1.0,1.0
169,0.9992009401321411,0.9887665510177612,0.0034308915492147207,0.920100212097168,0.9132357239723206,1.0,1.0,0.0002088258188450709,1.0,1.0
170,0.9992434978485107,0.9878733158111572,0.0033630358520895243,0.9278900027275085,0.9137883186340332,1.0,1.0,0.00020153429068159312,1.0,1.0
171,0.9992328882217407,0.987449049949646,0.0033790648449212313,0.9265283346176147,0.9129593968391418,1.0,1.0,0.00023716645955573767,1.0,1.0
172,0.9992302060127258,0.9883910417556763,0.003369257552549243,0.924580991268158,0.9146173000335693,0.9999530911445618,1.0,0.00030894202063791454,0.9925373196601868,1.0
173,0.9991743564605713,0.987994909286499,0.003456359263509512,0.9198879599571228,0.9074329733848572,1.0,1.0,0.0002072804927593097,1.0,1.0
174,0.9992142915725708,0.9867610931396484,0.003447173163294792,0.9219620823860168,0.9140646457672119,1.0,1.0,0.0002926090674009174,1.0,1.0
175,0.9992315173149109,0.9887095093727112,0.003325996920466423,0.9248393177986145,0.9146173000335693,1.0,1.0,0.0002359510399401188,1.0,1.0
176,0.999207615852356,0.9873145222663879,0.003399602137506008,0.9220888018608093,0.9124067425727844,1.0,1.0,0.000186120203579776,1.0,1.0
177,0.9992235898971558,0.9881254434585571,0.003400328801944852,0.9232915043830872,0.9146173000335693,1.0,1.0,0.00019900691404473037,1.0,1.0
178,0.9992488026618958,0.9878665208816528,0.003304052399471402,0.9248747825622559,0.9184857606887817,1.0,1.0,0.00020160939311608672,1.0,1.0
179,0.9992156028747559,0.987999439239502,0.003350622719153762,0.9233995079994202,0.9126830697059631,1.0,1.0,0.00021575807477347553,1.0,1.0
180,0.9992541670799255,0.988859236240387,0.0032653124071657658,0.9247221946716309,0.9198673963546753,1.0,1.0,0.00021872592333238572,1.0,1.0
181,0.9992275834083557,0.9896658658981323,0.0032815232407301664,0.9254902005195618,0.9129593968391418,1.0,1.0,0.0001862337812781334,1.0,1.0
182,0.9992368817329407,0.9869190454483032,0.0033193218987435102,0.9249232411384583,0.9157225489616394,1.0,1.0,0.00017091838526539505,1.0,1.0
183,0.9992634654045105,0.9881748557090759,0.0032923989929258823,0.9277142286300659,0.9184857606887817,1.0,1.0,0.0002112946385750547,1.0,1.0
184,0.9992009401321411,0.9860840439796448,0.003464863635599613,0.920100212097168,0.9132357239723206,1.0,1.0,0.00020571681670844555,1.0,1.0
185,0.9992434978485107,0.9879093170166016,0.00328836846165359,0.9236111044883728,0.9187620878219604,1.0,1.0,0.00017371008289046586,1.0,1.0
186,0.9992514848709106,0.9873387813568115,0.00328488158993423,0.9261015057563782,0.9176568388938904,1.0,1.0,0.00024600423057563603,1.0,1.0
187,0.9992474913597107,0.9881822466850281,0.0032566438894718885,0.9248538613319397,0.918209433555603,1.0,1.0,0.00023013462487142533,1.0,1.0
188,0.9992235898971558,0.9884161353111267,0.003367987461388111,0.9244755506515503,0.9132357239723206,1.0,1.0,0.00028428275254555047,1.0,1.0
189,0.9992222189903259,0.9881791472434998,0.0032849491108208895,0.9235064387321472,0.9140646457672119,1.0,1.0,0.00022668574820272624,1.0,1.0
190,0.9991624355316162,0.9882242679595947,0.0034738313406705856,0.915716290473938,0.9096435308456421,1.0,1.0,0.00021453389490488917,1.0,1.0
191,0.9992341995239258,0.9896575808525085,0.0033224537037312984,0.9263098835945129,0.9135119915008545,1.0,1.0,0.00025092088617384434,1.0,1.0
192,0.9992381930351257,0.9894236326217651,0.0032450451981276274,0.9230555295944214,0.918209433555603,1.0,1.0,0.0001742355088936165,1.0,1.0
193,0.9992434978485107,0.9885838627815247,0.003293512621894479,0.9243183135986328,0.9179331064224243,1.0,1.0,0.0001841148332459852,1.0,1.0
194,0.9992368817329407,0.9881474375724792,0.0033055199310183525,0.9235048890113831,0.9173805117607117,0.9999530911445618,1.0,0.00021103389735799283,0.9925373196601868,1.0
195,0.9992527961730957,0.9892829656600952,0.003239463083446026,0.9254105091094971,0.9187620878219604,1.0,1.0,0.00018412467034067959,1.0,1.0
196,0.9992434978485107,0.9891161322593689,0.003281002165749669,0.9250278472900391,0.917104184627533,1.0,1.0,0.00018393360369373113,1.0,1.0
197,0.9992368817329407,0.9896631836891174,0.003290727734565735,0.9242128729820251,0.9165515303611755,1.0,1.0,0.00018118630396202207,1.0,1.0
198,0.9992621541023254,0.9892958998680115,0.003213709918782115,0.9257920980453491,0.9204199910163879,1.0,1.0,0.00018046071636490524,1.0,1.0
199,0.9992501735687256,0.9885751605033875,0.0032573421485722065,0.9277513027191162,0.9154462814331055,1.0,1.0,0.0002310857962584123,1.0,1.0
200,0.9992302060127258,0.9892486929893494,0.0032746712677180767,0.923162579536438,0.9162752032279968,1.0,1.0,0.00017565688176546246,1.0,1.0
201,0.9992368817329407,0.989274799823761,0.003228024346753955,0.9223300814628601,0.9187620878219604,1.0,1.0,0.00030670210253447294,1.0,1.0
202,0.9992408752441406,0.9889618158340454,0.0032850673887878656,0.9264129996299744,0.914893627166748,1.0,1.0,0.00017773349827621132,1.0,1.0
203,0.9992527961730957,0.9878820180892944,0.003269178792834282,0.9256474375724792,0.9184857606887817,1.0,1.0,0.0001973129838006571,1.0,1.0
204,0.9992554783821106,0.9898151159286499,0.003241702215746045,0.9254519939422607,0.9193147420883179,1.0,1.0,0.00017749550170265138,1.0,1.0
205,0.9992156028747559,0.9889692068099976,0.00333726080134511,0.9222190976142883,0.9140646457672119,1.0,1.0,0.00019591243471950293,1.0,1.0
206,0.9992474913597107,0.9885595440864563,0.003312102984637022,0.925090491771698,0.9179331064224243,0.9996716976165771,0.9999645352363586,0.001183215412311256,0.949999988079071,1.0
207,0.9992501735687256,0.987622857093811,0.003302189288660884,0.9251322150230408,0.9184857606887817,1.0,1.0,0.00019665212312247604,1.0,1.0
208,0.9992302060127258,0.9881581664085388,0.003326108679175377,0.9226918816566467,0.9168278574943542,1.0,1.0,0.0001769347145454958,1.0,1.0
209,0.9992581605911255,0.9881488084793091,0.0032816636376082897,0.9247848987579346,0.9206963181495667,1.0,1.0,0.00018596407608129084,1.0,1.0
210,0.9992222189903259,0.9891037940979004,0.0033895063679665327,0.9195243120193481,0.9187620878219604,0.9999530911445618,0.9999971389770508,0.0003249061410315335,0.9925373196601868,1.0
211,0.9992607831954956,0.9896741509437561,0.0032637789845466614,0.9281520843505859,0.9173805117607117,1.0,1.0,0.00016287012840621173,1.0,1.0
212,0.9992434978485107,0.9889996647834778,0.003290945664048195,0.9233759045600891,0.9190384149551392,0.9999530911445618,0.9999929070472717,0.00040408692439086735,0.9925373196601868,1.0
213,0.9992288947105408,0.9882600903511047,0.0033440841361880302,0.9231411814689636,0.9159988760948181,0.9999530911445618,0.9999966621398926,0.0003587409155443311,0.9925373196601868,1.0
214,0.9992448687553406,0.9889576435089111,0.0032960237003862858,0.9245755672454834,0.9179331064224243,1.0,1.0,0.00015644138329662383,1.0,1.0
215,0.9992647767066956,0.9887272119522095,0.0032311752438545227,0.9260700345039368,0.9206963181495667,1.0,1.0,0.00019777537090703845,1.0,1.0
216,0.9992421865463257,0.9891077876091003,0.0032864389941096306,0.9252440929412842,0.9165515303611755,1.0,1.0,0.00019354587129782885,1.0,1.0
217,0.9992727637290955,0.9886052012443542,0.0032183490693569183,0.9276169538497925,0.9206963181495667,1.0,1.0,0.00017764317453838885,1.0,1.0
218,0.9992434978485107,0.9893953800201416,0.0032485441770404577,0.924082338809967,0.918209433555603,1.0,1.0,0.0001502512750448659,1.0,1.0
219,0.9992381930351257,0.9888178110122681,0.0033141039311885834,0.9230555295944214,0.918209433555603,1.0,1.0,0.000182400515768677,1.0,1.0
220,0.9992527961730957,0.9879049062728882,0.0032753092236816883,0.9247013330459595,0.9195910692214966,1.0,1.0,0.0001668884651735425,1.0,1.0
221,0.9992727637290955,0.989100992679596,0.0032060956582427025,0.9269038438796997,0.9215252995491028,1.0,1.0,0.0002068289031740278,1.0,1.0
222,0.9992434978485107,0.9896883964538574,0.0032273647375404835,0.924082338809967,0.918209433555603,0.9999061822891235,1.0,0.000289877993054688,0.9851852059364319,1.0
223,0.9992395043373108,0.9884311556816101,0.0033109281212091446,0.9235473871231079,0.9179331064224243,1.0,1.0,0.00020233170653227717,1.0,1.0
224,0.9992461800575256,0.988425076007843,0.0032527621369808912,0.924124538898468,0.9187620878219604,1.0,1.0,0.0002257467422168702,1.0,1.0
225,0.9992581605911255,0.9895651340484619,0.003190154442563653,0.9252570271492004,0.9201436638832092,1.0,1.0,0.0002802747185342014,1.0,1.0
226,0.9992700815200806,0.988587498664856,0.0032197986729443073,0.9263888597488403,0.9215252995491028,1.0,1.0,0.00023024369147606194,1.0,1.0
227,0.9992527961730957,0.9900630116462708,0.0032626406755298376,0.9254105091094971,0.9187620878219604,0.9996716976165771,0.9999920725822449,0.0008240944007411599,0.949999988079071,1.0
228,0.9992474913597107,0.9884465336799622,0.003303052391856909,0.9262775778770447,0.9165515303611755,1.0,1.0,0.00017211771046277136,1.0,1.0
229,0.9992527961730957,0.9888656735420227,0.003250823123380542,0.9249374270439148,0.9193147420883179,1.0,1.0,0.00021544376795645803,1.0,1.0
230,0.9992780685424805,0.9891395568847656,0.0031799122225493193,0.9291294813156128,0.9201436638832092,1.0,1.0,0.00021066910994704813,1.0,1.0
231,0.9992634654045105,0.9893878698348999,0.003211397910490632,0.926286518573761,0.9201436638832092,0.9999530911445618,0.9999992847442627,0.00032036210177466273,0.9925373196601868,1.0
232,0.9992700815200806,0.9896714687347412,0.0032071478199213743,0.9247371554374695,0.923459529876709,1.0,1.0,0.00023839701316319406,1.0,1.0
233,0.9992474913597107,0.9899019002914429,0.003256757976487279,0.9234396815299988,0.9198673963546753,0.9999061822891235,0.9999890327453613,0.0004865652590524405,0.9851852059364319,1.0
234,0.9992262125015259,0.9910374879837036,0.0032968330197036266,0.9219227433204651,0.9168278574943542,1.0,1.0,0.00019647659792099148,1.0,1.0
235,0.9992700815200806,0.9888526797294617,0.0032287207432091236,0.9266259074211121,0.9212489724159241,1.0,1.0,0.00024683066294528544,1.0,1.0
236,0.9992527961730957,0.9892835021018982,0.0032137264497578144,0.9251738786697388,0.9190384149551392,1.0,1.0,0.00020121870329603553,1.0,1.0
237,0.9992621541023254,0.9903566241264343,0.0031981398351490498,0.9281721711158752,0.9176568388938904,0.9999530911445618,1.0,0.00023530727776233107,0.9925373196601868,1.0
238,0.9992767572402954,0.988872766494751,0.0031546910759061575,0.9274395108222961,0.9218016266822815,1.0,1.0,0.00022025253565516323,1.0,1.0
239,0.9992541670799255,0.9899340271949768,0.0032170675694942474,0.9256681799888611,0.9187620878219604,1.0,1.0,0.00017610665236134082,1.0,1.0
240,0.9992860555648804,0.989020049571991,0.003144275862723589,0.9280555844306946,0.9231832027435303,1.0,1.0,0.0001534816692583263,1.0,1.0
241,0.9992302060127258,0.9887126088142395,0.003273917129263282,0.9243439435958862,0.914893627166748,1.0,1.0,0.00019737493130378425,1.0,1.0
242,0.9992474913597107,0.989666759967804,0.003262152196839452,0.9246175289154053,0.9184857606887817,1.0,1.0,0.0002040865656454116,1.0,1.0
243,0.9992009401321411,0.9891009330749512,0.003361205104738474,0.9175428748130798,0.9162752032279968,1.0,1.0,0.00023085395514499396,1.0,1.0
244,0.9992461800575256,0.9892552495002747,0.0032779735047370195,0.921779990196228,0.9215252995491028,1.0,1.0,0.00030078308191150427,1.0,1.0
245,0.9992793798446655,0.989155113697052,0.0031868969090282917,0.9272424578666687,0.9226305484771729,1.0,1.0,0.0001971410820260644,1.0,1.0
246,0.9992700815200806,0.9897017478942871,0.0031458467710763216,0.9240331649780273,0.9242884516716003,1.0,1.0,0.0001900368952192366,1.0,1.0
247,0.9992847442626953,0.9906525611877441,0.003100415924564004,0.9266131520271301,0.924564778804779,1.0,1.0,0.0002326060930499807,1.0,1.0
248,0.9992727637290955,0.9892566800117493,0.003182400483638048,0.9266666769981384,0.9218016266822815,1.0,1.0,0.00019765275646932423,1.0,1.0
249,0.9992488026618958,0.9906549453735352,0.0032195996027439833,0.9246385097503662,0.9187620878219604,1.0,1.0,0.00024185302027035505,1.0,1.0
250,0.9992714524269104,0.9884459376335144,0.0032153963111341,0.9273587465286255,0.9206963181495667,1.0,1.0,0.00016169391165021807,1.0,1.0
251,0.9992302060127258,0.9884551763534546,0.0032472258899360895,0.921987771987915,0.9176568388938904,1.0,1.0,0.00020484020933508873,1.0,1.0
252,0.9992527961730957,0.9885686635971069,0.0031987999100238085,0.9256474375724792,0.9184857606887817,1.0,1.0,0.000189146536285989,1.0,1.0
253,0.9992660880088806,0.9895598292350769,0.003163934452459216,0.9279932975769043,0.9187620878219604,1.0,1.0,0.0001575789792696014,1.0,1.0
254,0.9992833733558655,0.9906780123710632,0.0031019365414977074,0.9284919500350952,0.9220778942108154,1.0,1.0,0.00022971766884438694,1.0,1.0
255,0.9992727637290955,0.9900949597358704,0.0031792689114809036,0.9266666769981384,0.9218016266822815,0.9998592734336853,1.0,0.0003614727465901524,0.9779411554336548,1.0
256,0.9992381930351257,0.99007648229599,0.003261373843997717,0.9235261678695679,0.9176568388938904,1.0,1.0,0.00024301849771291018,1.0,1.0
257,0.9992395043373108,0.9883469939231873,0.0032325563952326775,0.9242550730705261,0.917104184627533,0.9999061822891235,1.0,0.0005388011923059821,0.9851852059364319,1.0
258,0.9992687702178955,0.9895443320274353,0.0031968322582542896,0.9275563955307007,0.9198673963546753,1.0,1.0,0.0002152999659301713,1.0,1.0
259,0.9992408752441406,0.9892666935920715,0.0032495034392923117,0.926174521446228,0.9151699542999268,1.0,1.0,0.00016528941341675818,1.0,1.0
260,0.9992634654045105,0.9899809956550598,0.0031790852081030607,0.9248682856559753,0.9218016266822815,1.0,1.0,0.00020383104856591672,1.0,1.0
261,0.9992727637290955,0.9902442097663879,0.0031805119942873716,0.9269038438796997,0.9215252995491028,1.0,1.0,0.00019773222447838634,1.0,1.0
262,0.9992833733558655,0.9893028140068054,0.003161183325573802,0.9261206388473511,0.9248411059379578,1.0,1.0,0.00018709493451751769,1.0,1.0
263,0.9992567896842957,0.9894054532051086,0.00326664000749588,0.9278523325920105,0.9168278574943542,1.0,1.0,0.0002012202312471345,1.0,1.0
264,0.9992674589157104,0.9892750978469849,0.003179795341566205,0.9284915924072266,0.9184857606887817,1.0,1.0,0.00017966264567803591,1.0,1.0
265,0.9992727637290955,0.9892868995666504,0.003162701614201069,0.9264297485351562,0.9220778942108154,1.0,1.0,0.00014861059025861323,1.0,1.0
266,0.9992873668670654,0.9887544512748718,0.003141089342534542,0.9273634552955627,0.9242884516716003,1.0,1.0,0.0002434568159515038,1.0,1.0
267,0.9992634654045105,0.9887353777885437,0.003179434686899185,0.9236936569213867,0.9231832027435303,1.0,1.0,0.00020102890266571194,1.0,1.0
268,0.9992793798446655,0.988987922668457,0.003194568445906043,0.9281936883926392,0.9215252995491028,1.0,1.0,0.000257040373980999,1.0,1.0
269,0.9992634654045105,0.9888359308242798,0.0031875192653387785,0.9269991517066956,0.9193147420883179,1.0,1.0,0.00020921541727147996,1.0,1.0
270,0.9992927312850952,0.9891355633735657,0.003128062468022108,0.9295852780342102,0.9229068756103516,1.0,1.0,0.00023667525965720415,1.0,1.0
271,0.9992647767066956,0.989827573299408,0.003128527896478772,0.9263070225715637,0.9204199910163879,1.0,1.0,0.00025774145615287125,1.0,1.0
272,0.9992621541023254,0.9894254803657532,0.003201314015313983,0.9274553656578064,0.9184857606887817,1.0,1.0,0.00016935401072259992,1.0,1.0
273,0.9992700815200806,0.9898300170898438,0.0031633100006729364,0.9261521100997925,0.9218016266822815,1.0,1.0,0.00022661784896627069,1.0,1.0
274,0.9992687702178955,0.9896829128265381,0.0031988348346203566,0.9275563955307007,0.9198673963546753,1.0,1.0,0.00022014911519363523,1.0,1.0
275,0.9992687702178955,0.9903801083564758,0.003139620879665017,0.9254227876663208,0.9223542213439941,1.0,1.0,0.00017999313422478735,1.0,1.0
276,0.9992514848709106,0.9892899990081787,0.00336477137170732,0.9256267547607422,0.918209433555603,1.0,1.0,0.0002195131528424099,1.0,1.0
277,0.9992660880088806,0.9904831051826477,0.0032060439698398113,0.9268020987510681,0.9201436638832092,1.0,1.0,0.000195626329514198,1.0,1.0
278,0.9992780685424805,0.9902551770210266,0.003157487604767084,0.9267480373382568,0.9229068756103516,1.0,1.0,0.00019455363508313894,1.0,1.0
279,0.9992567896842957,0.9898592829704285,0.0031560317147523165,0.92405766248703,0.9212489724159241,1.0,1.0,0.00020538723038043827,1.0,1.0
280,0.9992594718933105,0.9892985224723816,0.003187483875080943,0.9250416159629822,0.9206963181495667,0.9999061822891235,1.0,0.00026986535522155464,0.9851852059364319,1.0
281,0.9992767572402954,0.989555835723877,0.0031279169488698244,0.9264909625053406,0.9229068756103516,1.0,1.0,0.0002055701770586893,1.0,1.0
282,0.9992567896842957,0.9892643094062805,0.003186500398442149,0.9245283007621765,0.9206963181495667,1.0,1.0,0.00020563039288390428,1.0,1.0
283,0.9992807507514954,0.9902563691139221,0.00314904167316854,0.927025556564331,0.9231832027435303,1.0,1.0,0.00018777950026560575,1.0,1.0
284,0.9992913603782654,0.9903942942619324,0.003057219320908189,0.9298050403594971,0.9223542213439941,0.9999530911445618,0.9999998807907104,0.0002792118757497519,0.9925373196601868,1.0
285,0.9992780685424805,0.9899540543556213,0.0031465482898056507,0.9258028864860535,0.9240121841430664,0.9999530911445618,1.0,0.0002767827536445111,0.9925373196601868,1.0
286,0.9992860555648804,0.9896945953369141,0.003134489292278886,0.926161527633667,0.9253937602043152,1.0,1.0,0.0002273902209708467,1.0,1.0
287,0.9992687702178955,0.98915034532547,0.0031795818358659744,0.9280334711074829,0.9193147420883179,1.0,1.0,0.0001792822004063055,1.0,1.0
288,0.9992607831954956,0.9886062145233154,0.0031930834520608187,0.9243558049201965,0.9218016266822815,0.9999061822891235,1.0,0.0003206864057574421,0.9851852059364319,1.0
289,0.9992754459381104,0.990419328212738,0.0030756962951272726,0.9248203635215759,0.924564778804779,1.0,1.0,0.00020743408822454512,1.0,1.0
290,0.9992847442626953,0.9905248880386353,0.0031408488284796476,0.9287503361701965,0.9220778942108154,1.0,1.0,0.00019770569633692503,1.0,1.0
291,0.9992793798446655,0.9898529648780823,0.0031386371701955795,0.9267683625221252,0.9231832027435303,0.9999530911445618,1.0,0.00026396429166197777,0.9925373196601868,1.0
292,0.9992754459381104,0.9895766973495483,0.003109120996668935,0.9262340664863586,0.9229068756103516,1.0,1.0,0.00019196869106963277,1.0,1.0
293,0.9992674589157104,0.9907940030097961,0.003111341968178749,0.9246954321861267,0.9229068756103516,1.0,1.0,0.0002371837617829442,1.0,1.0
294,0.9992727637290955,0.9885988831520081,0.0031867986544966698,0.9266666769981384,0.9218016266822815,1.0,1.0,0.00017839629435911775,1.0,1.0
295,0.9992448687553406,0.9904139041900635,0.0031641495879739523,0.9236323237419128,0.9190384149551392,1.0,1.0,0.00023415667237713933,1.0,1.0
296,0.9992674589157104,0.9894216656684875,0.0031628974247723818,0.926111102104187,0.9212489724159241,1.0,1.0,0.0002335934404982254,1.0,1.0
297,0.9992807507514954,0.9905359148979187,0.003109357552602887,0.927025556564331,0.9231832027435303,1.0,1.0,0.00022802049352321774,1.0,1.0
298,0.9992727637290955,0.9906430840492249,0.0031432185787707567,0.9278551340103149,0.9204199910163879,1.0,1.0,0.00022761909349355847,1.0,1.0
299,0.9992700815200806,0.9901362061500549,0.0030872980132699013,0.9263888597488403,0.9215252995491028,1.0,1.0,0.00020744414359796792,1.0,1.0
300,0.9992607831954956,0.9899998307228088,0.003126306226477027,0.9252985119819641,0.9206963181495667,1.0,1.0,0.00022618855291511863,1.0,1.0
301,0.9992488026618958,0.9900781512260437,0.003212966024875641,0.9251113533973694,0.918209433555603,1.0,1.0,0.0002523436560295522,1.0,1.0
302,0.9992647767066956,0.990375816822052,0.003163226880133152,0.9260700345039368,0.9206963181495667,1.0,1.0,0.00021485799516085535,1.0,1.0
303,0.9992860555648804,0.9906867742538452,0.0031131980940699577,0.9282935261726379,0.9229068756103516,1.0,1.0,0.00018482765881344676,1.0,1.0
304,0.9992727637290955,0.9899839162826538,0.003138299798592925,0.9254847764968872,0.9231832027435303,1.0,1.0,0.00021521441522054374,1.0,1.0
305,0.9992993474006653,0.9902519583702087,0.003083952935412526,0.9277808666229248,0.9264990091323853,1.0,1.0,0.00019092645379714668,1.0,1.0
306,0.9992820620536804,0.9897061586380005,0.003115869127213955,0.9282336831092834,0.9220778942108154,1.0,1.0,0.00021196273155510426,1.0,1.0
307,0.9992847442626953,0.989019513130188,0.003135998034849763,0.9275603890419006,0.923459529876709,1.0,1.0,0.00017216819105669856,1.0,1.0
308,0.9992687702178955,0.9899940490722656,0.0031568752601742744,0.9251870512962341,0.9226305484771729,1.0,1.0,0.0001921177754411474,1.0,1.0
309,0.9992567896842957,0.9898087382316589,0.0031822179444134235,0.9252362251281738,0.9198673963546753,1.0,1.0,0.0002507421304471791,1.0,1.0
310,0.9992674589157104,0.9902498722076416,0.003100983565673232,0.9228224754333496,0.9251174330711365,1.0,1.0,0.00025130307767540216,1.0,1.0
311,0.9992767572402954,0.9904195070266724,0.003077054861932993,0.9253112077713013,0.9242884516716003,1.0,1.0,0.0002500701230019331,1.0,1.0
312,0.9993006587028503,0.9902447462081909,0.0030751333106309175,0.9306600093841553,0.923459529876709,1.0,1.0,0.0001938358909683302,1.0,1.0
313,0.9992222189903259,0.990091860294342,0.0032586045563220978,0.9239798784255981,0.9135119915008545,0.9999061822891235,0.9999963045120239,0.0003711722092702985,0.9851852059364319,1.0
314,0.9992714524269104,0.9895662069320679,0.003128034994006157,0.9264093041419983,0.9218016266822815,0.9999530911445618,1.0,0.00029098594677634537,0.9925373196601868,1.0
315,0.9992887377738953,0.9906827807426453,0.0030707174446433783,0.9285714030265808,0.9231832027435303,1.0,1.0,0.00020061939721927047,1.0,1.0
316,0.9992674589157104,0.9905397891998291,0.003088851924985647,0.926111102104187,0.9212489724159241,1.0,1.0,0.00023464986588805914,1.0,1.0
317,0.9992767572402954,0.9909875392913818,0.003022977150976658,0.9260182976722717,0.923459529876709,1.0,1.0,0.00022488633112516254,1.0,1.0
318,0.9992567896842957,0.9896711111068726,0.0032138752285391092,0.9235880374908447,0.9218016266822815,1.0,1.0,0.00019811454694718122,1.0,1.0
319,0.9992740750312805,0.9914930462837219,0.003128597280010581,0.9252698421478271,0.9237358570098877,1.0,1.0,0.00023862645321059972,1.0,1.0
320,0.9992674589157104,0.9906704425811768,0.003112657694146037,0.9254021048545837,0.9220778942108154,0.9999530911445618,1.0,0.00030678603798151016,0.9925373196601868,1.0
321,0.9992740750312805,0.9899359941482544,0.003154827281832695,0.9276371002197266,0.9209726452827454,1.0,1.0,0.00019645682186819613,1.0,1.0
322,0.9992674589157104,0.9916285872459412,0.0030534942634403706,0.9251663088798523,0.9223542213439941,1.0,1.0,0.0001869019615696743,1.0,1.0
323,0.9992887377738953,0.9908058643341064,0.003086814424023032,0.9259668588638306,0.9262227416038513,1.0,1.0,0.0002765975659713149,1.0,1.0
324,0.9993020296096802,0.9908252358436584,0.0030414119828492403,0.9311594367027283,0.9231832027435303,1.0,1.0,0.00018478660786058754,1.0,1.0
325,0.9992700815200806,0.9903974533081055,0.0030795277561992407,0.9237989783287048,0.924564778804779,0.9999530911445618,1.0,0.00028762960573658347,0.9925373196601868,1.0
326,0.9992581605911255,0.989967942237854,0.0031374082900583744,0.9257301688194275,0.9195910692214966,1.0,1.0,0.00021968180953990668,1.0,1.0
327,0.9992873668670654,0.990673840045929,0.0030925734899938107,0.9266537427902222,0.9251174330711365,1.0,1.0,0.0002112129150191322,1.0,1.0
328,0.9993020296096802,0.9910738468170166,0.003071865998208523,0.9290072321891785,0.9256700873374939,1.0,1.0,0.00023100183170754462,1.0,1.0
329,0.9992687702178955,0.9902316331863403,0.0031678115483373404,0.925895094871521,0.9218016266822815,0.9999530911445618,1.0,0.00028652389300987124,0.9925373196601868,1.0
330,0.9992927312850952,0.9905718564987183,0.003038829192519188,0.9288691282272339,0.9237358570098877,1.0,1.0,0.00019894371507689357,1.0,1.0
331,0.9992634654045105,0.9906384944915771,0.0031543232034891844,0.9255762100219727,0.9209726452827454,1.0,1.0,0.0002836401399690658,1.0,1.0
332,0.9992660880088806,0.990625262260437,0.003192896256223321,0.9268020987510681,0.9201436638832092,1.0,1.0,0.00023841566871851683,1.0,1.0
333,0.9992660880088806,0.9903899431228638,0.003099522553384304,0.925617516040802,0.9215252995491028,1.0,1.0,0.00019246351439505816,1.0,1.0
334,0.9992700815200806,0.9909635782241821,0.003078697482123971,0.9263888597488403,0.9215252995491028,0.9999061822891235,0.9999996423721313,0.0003392990620341152,0.9924812316894531,0.9924812316894531
335,0.9992714524269104,0.990476131439209,0.003147655166685581,0.9285514950752258,0.9193147420883179,1.0,1.0,0.0002148931089323014,1.0,1.0
336,0.9992647767066956,0.9909206032752991,0.0031225704587996006,0.9255968928337097,0.9212489724159241,1.0,1.0,0.0003243395476602018,1.0,1.0
337,0.9992474913597107,0.9908044934272766,0.003160686232149601,0.9239100217819214,0.9193147420883179,1.0,1.0,0.00023178955598268658,1.0,1.0
338,0.9992847442626953,0.9918993711471558,0.0030654745642095804,0.9275603890419006,0.923459529876709,1.0,1.0,0.00023451642482541502,1.0,1.0
339,0.9992833733558655,0.990943193435669,0.0030732599552720785,0.9277777671813965,0.9229068756103516,1.0,0.9999999403953552,0.0002672394330147654,1.0,1.0
340,0.9992554783821106,0.9903929829597473,0.0031152793671935797,0.925215482711792,0.9195910692214966,0.9999061822891235,1.0,0.0003054596309084445,1.0,0.9849624037742615
341,0.9992780685424805,0.9910867214202881,0.003088161814957857,0.9272222518920898,0.9223542213439941,1.0,1.0,0.00023624641471542418,1.0,1.0
342,0.9992980360984802,0.9905168414115906,0.0031095414888113737,0.9287101030349731,0.9251174330711365,1.0,1.0,0.00024206071975640953,1.0,1.0
343,0.9993073344230652,0.9912035465240479,0.0030539596918970346,0.9309961199760437,0.924564778804779,1.0,0.9999999403953552,0.00024061457952484488,1.0,1.0
344,0.9992927312850952,0.9902482628822327,0.0030769717413932085,0.9281553626060486,0.924564778804779,0.9999530911445618,1.0,0.0002812793536577374,0.9925373196601868,1.0
345,0.9992833733558655,0.9907122254371643,0.003002007259055972,0.9261206388473511,0.9248411059379578,1.0,1.0,0.00020165079331491143,1.0,1.0
346,0.9992927312850952,0.9906905293464661,0.0030470620840787888,0.9264990091323853,0.9264990091323853,1.0,1.0,0.00027117712306790054,1.0,1.0
347,0.9992847442626953,0.9903815984725952,0.0031481143087148666,0.92637699842453,0.9248411059379578,1.0,1.0,0.0003030516963917762,1.0,1.0
348,0.9992527961730957,0.9908233284950256,0.003152190474793315,0.9242298007011414,0.9201436638832092,1.0,1.0,0.00020209331705700606,1.0,1.0
349,0.9992873668670654,0.9919042587280273,0.0030371621251106262,0.9273634552955627,0.9242884516716003,1.0,0.9999999403953552,0.0002778693742584437,1.0,1.0
350,0.9992900490760803,0.9903750419616699,0.003069862024858594,0.9278779625892639,0.9242884516716003,1.0,0.9999999403953552,0.00026774490834213793,1.0,1.0
351,0.9992953538894653,0.9904059767723083,0.003058692906051874,0.9279578924179077,0.9253937602043152,0.9999530911445618,1.0,0.00033002710551954806,0.9925373196601868,1.0
352,0.9992820620536804,0.9908297061920166,0.0030816870275884867,0.9265724420547485,0.9240121841430664,1.0,1.0,0.0002541453286539763,1.0,1.0
353,0.9992927312850952,0.990808367729187,0.0030519808642566204,0.9283930063247681,0.9242884516716003,1.0,1.0,0.0002550428034737706,1.0,1.0
354,0.9992767572402954,0.9924208521842957,0.0030968687497079372,0.9260182976722717,0.923459529876709,1.0,1.0,0.00024259874771814793,1.0,1.0
355,0.9993033409118652,0.9912334084510803,0.0030340435914695263,0.9287891387939453,0.9262227416038513,1.0,1.0,0.0002216573484474793,1.0,1.0
356,0.9992913603782654,0.9904100298881531,0.0030730150174349546,0.9274238348007202,0.9251174330711365,1.0,1.0,0.00019575381884351373,1.0,1.0
357,0.9992700815200806,0.990381121635437,0.0031081547494977713,0.9252077341079712,0.9229068756103516,0.9999061822891235,0.9999933242797852,0.00045230271643958986,0.9851852059364319,1.0
358,0.9992807507514954,0.9914842844009399,0.0030722185038030148,0.9258439540863037,0.924564778804779,0.9999061822891235,1.0,0.000431275722803548,0.9851852059364319,1.0
359,0.9992980360984802,0.9917759895324707,0.0030461621936410666,0.9287101030349731,0.9251174330711365,1.0,1.0,0.00020229774236213416,1.0,1.0
360,0.9992793798446655,0.9913713932037354,0.0030386168509721756,0.9258233904838562,0.9242884516716003,1.0,1.0,0.00018715292389970273,1.0,1.0
361,0.9992993474006653,0.9913430213928223,0.0030804697889834642,0.9282548427581787,0.9259464144706726,1.0,1.0,0.0002488519239705056,1.0,1.0
362,0.9992461800575256,0.9906757473945618,0.00313390395604074,0.920617401599884,0.9229068756103516,0.9999061822891235,0.9999996423721313,0.00043935453868471086,0.9924812316894531,0.9924812316894531
363,0.9992687702178955,0.9910702705383301,0.0031041984912008047,0.9240121841430664,0.9240121841430664,1.0,1.0,0.0002716633025556803,1.0,1.0
364,0.9992913603782654,0.9921625256538391,0.003043303033336997,0.9267145991325378,0.9259464144706726,1.0,1.0,0.000231109544984065,1.0,1.0
365,0.9992940425872803,0.992328405380249,0.0029773402493447065,0.9291272759437561,0.9237358570098877,1.0,1.0,0.00025340713909827173,1.0,1.0
366,0.9992820620536804,0.9917604923248291,0.0030429563485085964,0.9268089532852173,0.9237358570098877,1.0,1.0,0.00022151671873871237,1.0,1.0
367,0.9992847442626953,0.9905287623405457,0.0030722287483513355,0.9268495440483093,0.9242884516716003,1.0,1.0,0.00024830177426338196,1.0,1.0
368,0.9992913603782654,0.991255521774292,0.00297289015725255,0.9269507527351379,0.9256700873374939,1.0,1.0,0.00026419595815241337,1.0,1.0
369,0.9992674589157104,0.9913492798805237,0.003100073430687189,0.9254021048545837,0.9220778942108154,0.9999530911445618,0.9999995827674866,0.00039967766497284174,0.9925373196601868,1.0
370,0.9993113279342651,0.9923073053359985,0.0029490874148905277,0.9291447401046753,0.9276043176651001,1.0,1.0,0.0002459718380123377,1.0,1.0
371,0.9992873668670654,0.9927417039871216,0.0030020331032574177,0.9271266460418701,0.924564778804779,1.0,1.0,0.00022261429694481194,1.0,1.0
372,0.9992847442626953,0.9908092021942139,0.003057273803278804,0.9270862340927124,0.9240121841430664,1.0,1.0,0.0002566541952546686,1.0,1.0
373,0.9992700815200806,0.9912152886390686,0.00310718291439116,0.9230981469154358,0.9253937602043152,1.0,1.0,0.0002833284670487046,1.0,1.0
374,0.9992993474006653,0.9924627542495728,0.0029834401793777943,0.9289678335189819,0.9251174330711365,1.0,1.0,0.0002656778378877789,1.0,1.0
375,0.9993179440498352,0.9928789138793945,0.0029274828266352415,0.9311493635177612,0.926775336265564,1.0,1.0,0.00024299105280078948,1.0,1.0
376,0.9992913603782654,0.991350531578064,0.003041408956050873,0.9255377650260925,0.9273279905319214,1.0,1.0,0.00025558940251357853,1.0,1.0
377,0.9992767572402954,0.9920121431350708,0.0030633769929409027,0.9264909625053406,0.9229068756103516,1.0,1.0,0.000213622537557967,1.0,1.0
378,0.9992714524269104,0.9921945333480835,0.0030502218287438154,0.9266462922096252,0.9215252995491028,1.0,1.0,0.00021394717623479664,1.0,1.0
379,0.9992554783821106,0.9908042550086975,0.0031020124442875385,0.9219310283660889,0.923459529876709,0.9999061822891235,1.0,0.0004102264065295458,0.9851852059364319,1.0
380,0.9992927312850952,0.9922415614128113,0.0029490545857697725,0.9272072911262512,0.9256700873374939,1.0,1.0,0.00024270468566101044,1.0,1.0
381,0.9993020296096802,0.9916751980781555,0.00297968415543437,0.9278208017349243,0.9270516633987427,1.0,1.0,0.0002753330336418003,1.0,1.0
382,0.9992927312850952,0.9905421137809753,0.003057310823351145,0.9286309480667114,0.9240121841430664,1.0,1.0,0.00024386131553910673,1.0,1.0
383,0.9992714524269104,0.9910656809806824,0.0030785747803747654,0.9247579574584961,0.9237358570098877,1.0,1.0,0.00030821285326965153,1.0,1.0
384,0.9992700815200806,0.9914823770523071,0.003139384323731065,0.9259156584739685,0.9220778942108154,1.0,1.0,0.00024812587071210146,1.0,1.0
385,0.9993206262588501,0.9912173748016357,0.002975401934236288,0.9316666722297668,0.926775336265564,1.0,1.0,0.00023508242156822234,1.0,1.0
386,0.9993006587028503,0.991638720035553,0.0030022114515304565,0.927564263343811,0.9270516633987427,0.9998592734336853,0.9999808669090271,0.0006149929249659181,0.9779411554336548,1.0
387,0.9992980360984802,0.9923254251480103,0.0029965871945023537,0.9272878170013428,0.926775336265564,1.0,1.0,0.0002799506182782352,1.0,1.0
388,0.9992900490760803,0.9913490414619446,0.003052143845707178,0.9278779625892639,0.9242884516716003,0.9999530911445618,1.0,0.00032914819894358516,0.9925373196601868,1.0
389,0.9992820620536804,0.99098801612854,0.003004745813086629,0.9272828102111816,0.9231832027435303,1.0,1.0,0.00024841714184731245,1.0,1.0
390,0.9992913603782654,0.9915111064910889,0.00304793962277472,0.9264787435531616,0.9262227416038513,0.9995778799057007,0.9999393820762634,0.001526917447336018,0.9366196990013123,1.0
391,0.9992833733558655,0.9912362098693848,0.003038497408851981,0.9282535910606384,0.9223542213439941,1.0,1.0,0.00029507940053008497,1.0,1.0
392,0.9993020296096802,0.9917712807655334,0.002993599744513631,0.9302002191543579,0.9242884516716003,0.9999061822891235,0.9999971389770508,0.00042991244117729366,0.9851852059364319,1.0
393,0.9992953538894653,0.9921743273735046,0.0029793367721140385,0.9279578924179077,0.9253937602043152,0.9999530911445618,0.999999463558197,0.00037838827120140195,0.9925373196601868,1.0
394,0.9993100166320801,0.9920186400413513,0.0030039397533982992,0.9305555820465088,0.9256700873374939,0.9999530911445618,0.9999884366989136,0.0004244545416440815,0.9925373196601868,1.0
395,0.9992993474006653,0.991928219795227,0.0029973958153277636,0.9275442361831665,0.926775336265564,0.9999530911445618,1.0,0.0003272761241532862,0.9925373196601868,1.0
396,0.9992993474006653,0.9909650087356567,0.0030125270131975412,0.9268360137939453,0.9276043176651001,0.9999530911445618,1.0,0.0002980358840432018,0.9925373196601868,1.0
397,0.9992767572402954,0.9898326992988586,0.0030991174280643463,0.9243720769882202,0.9253937602043152,0.9999061822891235,1.0,0.00037603333475999534,0.9851852059364319,1.0
398,0.9993033409118652,0.9909562468528748,0.002966936444863677,0.9285516738891602,0.9264990091323853,1.0,1.0,0.0002567388291936368,1.0,1.0
399,0.9992820620536804,0.9923278093338013,0.0030373316258192062,0.924455463886261,0.9264990091323853,0.9999530911445618,1.0,0.00031129669514484704,0.9925373196601868,1.0
400,0.9992966651916504,0.9914986491203308,0.003024984383955598,0.9277408719062805,0.9259464144706726,0.9999530911445618,1.0,0.00032533431658521295,0.9925373196601868,1.0
401,0.9993073344230652,0.9914674758911133,0.003030688501894474,0.9281370639801025,0.9278806447982788,0.9998123645782471,0.999987781047821,0.000669421860948205,0.970802903175354,1.0
402,0.9993100166320801,0.9928831458091736,0.002951163100078702,0.9303165078163147,0.9259464144706726,1.0,1.0,0.00023837458866182715,1.0,1.0
403,0.9992860555648804,0.9918858408927917,0.003044851589947939,0.9275804758071899,0.9237358570098877,1.0,1.0,0.00022735368111170828,1.0,1.0
404,0.9992966651916504,0.9908403158187866,0.002981379861012101,0.9272676706314087,0.9264990091323853,1.0,1.0,0.00023048112052492797,1.0,1.0
405,0.9993126392364502,0.9914965629577637,0.003013978013768792,0.9294019937515259,0.9276043176651001,1.0,1.0,0.00032293424010276794,1.0,1.0
406,0.9993100166320801,0.9913859367370605,0.0029948942828923464,0.9291251301765442,0.9273279905319214,0.9998592734336853,0.9999973177909851,0.0005459817475639284,0.9779411554336548,1.0
407,0.9993219375610352,0.9916677474975586,0.0029313971754163504,0.9307287335395813,0.9281569719314575,0.9999530911445618,1.0,0.00034940263140015304,0.9925373196601868,1.0
408,0.9992833733558655,0.9909547567367554,0.00301283854059875,0.9265928268432617,0.9242884516716003,0.9999061822891235,0.9999979138374329,0.00045165957999415696,0.9851852059364319,1.0
409,0.9992847442626953,0.9915931820869446,0.0030517715495079756,0.9270862340927124,0.9240121841430664,0.9997654557228088,0.9999620318412781,0.0009696470806375146,0.9637681245803833,1.0
410,0.9992860555648804,0.9919107556343079,0.0030226469971239567,0.9263973236083984,0.9251174330711365,1.0,1.0,0.00027421695995144546,1.0,1.0
411,0.9993139505386353,0.9934467673301697,0.002901292173191905,0.9294215440750122,0.9278806447982788,1.0,1.0,0.0003345002478454262,1.0,1.0
412,0.9992820620536804,0.9907916784286499,0.0030957148410379887,0.9279955625534058,0.9223542213439941,0.9998592734336853,0.9999703168869019,0.0007720316643826663,0.9779411554336548,1.0
